"Document Title",Authors,"Author Affiliations","Publication Title",Date Added To Xplore,"Publication Year","Volume","Issue","Start Page","End Page","Abstract","ISSN",ISBNs,"DOI",Funding Information,PDF Link,"Author Keywords","IEEE Terms","Mesh_Terms",Article Citation Count,Patent Citation Count,"Reference Count","License",Online Date,Issue Date,"Meeting Date","Publisher",Document Identifier
"Duplicate Question Detection With Deep Learning in Stack Overflow","L. Wang; L. Zhang; J. Jiang","State Key Laboratory of Software Development Environment, Beihang University, Beijing, China; State Key Laboratory of Software Development Environment, Beihang University, Beijing, China; State Key Laboratory of Software Development Environment, Beihang University, Beijing, China",IEEE Access,"10 Feb 2020","2020","8","","25964","25975","Stack Overflow is a popular Community-based Question Answer (CQA) website focused on software programming and has attracted more and more users in recent years. However, duplicate questions frequently appear in Stack Overflow and they are manually marked by the users with high reputation. Automatic duplicate question detection alleviates labor and effort for users with high reputation. Although existing approaches extract textual features to automatically detect duplicate questions, these approaches are limited since semantic information could be lost. To tackle this problem, we explore the use of powerful deep learning techniques, including Convolutional Neural Networks (CNN), Recurrent Neural Networks (RNN) and Long Short-Term Memory (LSTM), to detect duplicate questions in Stack Overflow. In addition, we use Word2Vec to obtain the vector representations of words. They can fully capture semantic information at document-level and word-level respectively. Therefore, we construct three deep learning approaches WV-CNN, WV-RNN and WV-LSTM, which are based on Word2Vec, CNN, RNN and LSTM, to detect duplicate questions in Stack Overflow. Evaluation results show that WV-CNN and WV-LSTM have made significant improvements over four baseline approaches (i.e., DupPredictor, Dupe, DupPredictorRep-T, and DupeRep) and three deep learning approaches (i.e., DQ-CNN, DQ-RNN, and DQ-LSTM) in terms of recall-rate@5, recall-rate@10 and recall-rate@20. Furthermore, the experimental results indicate that our approaches WV-CNN, WV-RNN, and WV-LSTM outperform four machine learning approaches based on Support Vector Machine, Logic Regression, Random Forest and eXtreme Gradient Boosting in terms of recall-rate@5, recall-rate@10 and recall-rate@20.","2169-3536","","10.1109/ACCESS.2020.2968391","National Basic Research Program of China (973 Program)(grant numbers:2018AAA0102304); National Natural Science Foundation of China(grant numbers:61672078); State Key Laboratory of Software Development Environment(grant numbers:SKLSDE-2019ZX-05); ","https://ieeexplore.ieee.org/stamp/stamp.jsp?arnumber=8964380","Stack overflow;duplicate question detection;deep learning","Deep learning;Task analysis;Semantics;Software;Software engineering;Computer architecture","","48","","38","CCBY","22 Jan 2020","2020","","IEEE","IEEE Journals"
"Semi-Automated Clinical Lexicon Induction and Its Use in Cohort Selection from Clinical Notes","S. Rawal; A. Prakash; S. Adhya; S. Kulkarni; S. Anwar; C. Baral; M. Devarakonda","Arizona State University, Tempe, AZ; Arizona State University, Tempe, AZ; Arizona State University, Tempe, AZ; Arizona State University, Tempe, AZ; Arizona State University, Tempe, AZ; Arizona State University, Tempe, AZ; Arizona State University, Tempe, AZ",2020 IEEE International Conference on Healthcare Informatics (ICHI),"12 Mar 2021","2020","","","1","2","Special purpose lexicons are invaluable in biomedical natural language processing. They are especially crucial for a task such as the 13-criteria based cohort identification from clinical notes, process in N2C2 2018 Track 1 Challenge. While manually developed lexicons helped us achieve high performance, the process was ad hoc and nonreproducible. This paper presents a semi-automated lexicon induction method, using Logistic Regression (LR) and word embeddings, which brings rigor to the process. The key idea was to use n-grams in the training corpus as features of LR and identify those features (n-grams) with the most impact on the outcome as the lexicon. The semi-automatically generated lexicons achieved overall F measure of 0.9166 versus 0.9003 with manually generated lexicons. Therefore, this study shows that lexicons generated using a rigorous, semi-automated approach can retain performance while bringing rigor to the process.","2575-2634","978-1-7281-5382-7","10.1109/ICHI48887.2020.9374374","","https://ieeexplore.ieee.org/stamp/stamp.jsp?arnumber=9374374","cohort selection;lexicon induction;clinical text;semi-automated;hybrid methods","Training;Conferences;Medical services;Natural language processing;Task analysis;Informatics;Logistics","","1","","12","IEEE","12 Mar 2021","30 Nov.-3 Dec. 2020","30 Nov.-3 Dec. 2020","IEEE","IEEE Conferences"
"Data Driven Modeling Social Media Influence using Differential Equations","B. Jin; W. Guo","Cranfield University, Cranfield, Bedford, UK; Cranfield University, Cranfield, Bedford, UK",2022 IEEE/ACM International Conference on Advances in Social Networks Analysis and Mining (ASONAM),"23 Mar 2023","2022","","","504","507","Individuals modify their opinions towards a topic based on their social interactions. Opinion evolution models conceptualize the change of opinion as a uni -dimensional continuum, and the effect of influence is built by the group size, the network structures, or the relations among opinions within the group. However, how to model the personal opinion evolution process under the effect of the online social influence as a function remains unclear. Here, we show that the uni -dimensional continuous user opinions can be represented by compressed high-dimensional word embeddings, and its evolution can be accurately modelled by an ordinary differential equation (ODE) that reflects the social network influencer interactions. We perform our analysis on 87 active users with corresponding influencers on the COVID-19 topic from 2020 to 2022. The regression results demonstrate that 99% of the variation in the quantified opinions can be explained by the way we model the connected opinions from their influencers. Our research on the COVID-19 topic and for the account analysed shows that social media users primarily shift their opinion based on influencers they follow (e.g., model explains for 99% variation) and self-evolution of opinion over a long time scale is limited.","","978-1-6654-5661-6","10.1109/ASONAM55673.2022.10068693","","https://ieeexplore.ieee.org/stamp/stamp.jsp?arnumber=10068693","","COVID-19;Data-driven modeling;Analytical models;Social networking (online);Ordinary differential equations;Mathematical models;Data mining","","1","","12","IEEE","23 Mar 2023","10-13 Nov. 2022","10-13 Nov. 2022","IEEE","IEEE Conferences"
"RealCheck: A Web Application for Fake News Detection Using Natural Language Processing","E. Puertas; J. Vásquez; J. C. Martinez-Santos","Faculty of Engineering, Universidad Tecnologica de Bolivar, Cartagena, Colombia; Faculty of Engineering, Universidad Tecnologica de Bolivar, Cartagena, Colombia; Faculty of Engineering, Universidad Tecnologica de Bolivar, Cartagena, Colombia",2023 IEEE Colombian Caribbean Conference (C3),"21 Feb 2024","2023","","","1","5","The spread of misinformation and disinformation online represents a significant challenge in today’s society. This paper proposes implementing a news verifier web application that uses artificial intelligence techniques to determine the veracity of news provided by users. The system consists of three stages: user input validation, selection of relevant sources, and information analysis. We trained a logistic regression model with an in-house dataset of 2000 sentences for input validation. We utilized cosine similarity and FastText for source selection. Finally, a large language model analyzes the context and coherence of selected articles to determine veracity. The transparent presentation of results fosters media literacy. While some implementation details may differ due to time constraints, this paper provides the overall methodology and architecture of the system.","","979-8-3503-4179-9","10.1109/C358072.2023.10436244","","https://ieeexplore.ieee.org/stamp/stamp.jsp?arnumber=10436244","Fake news and mis/disinformation;Automated fact-checking systems;Neural networks;machine learning techniques;Natural language processing models;System architecture;and software frameworks","Analytical models;Semantic search;Computer architecture;Natural language processing;Software;Time factors;Fake news","","1","","20","IEEE","21 Feb 2024","22-25 Nov. 2023","22-25 Nov. 2023","IEEE","IEEE Conferences"
"Explainable Ai for Offensive Content Detection and Analysis on Social Media","A. Joseph; A. A K; A. T. B; A. Saheer; F. A. Rawther; G. V. Titus","Dept. of Computer Science, Amal Jyothi College of Engineering (Autonomous), Kottayam, India; Dept. of Computer Science, Amal Jyothi College of Engineering (Autonomous), Kottayam, India; Dept. of Computer Science, Amal Jyothi College of Engineering (Autonomous), Kottayam, India; Dept. of Computer Science, Amal Jyothi College of Engineering (Autonomous), Kottayam, India; Dept. of Computer Science, Amal Jyothi College of Engineering (Autonomous), Kottayam, India; Dept. Of Electronics and Communication, Amal Jyothi College of Engineering (Autonomous), Kottayam, India",2025 Advanced Computing and Communication Technologies for High Performance Applications (ACCTHPA),"24 Sep 2025","2025","","","1","5","The widespread use of online platforms has led to an increase in inappropriate content, posing significant challenges to digital safety. This paper presents the development of a chatbot designed for offensive content analysis in online conversations. Utilizing advanced machine learning techniques, the chatbot employs a Support Vector Classifier (SVC) combined with Word2Vec for detecting offensive language. Additionally, a LIME model is introduced to enhance interpretability by analyzing the contribution of different words toward the offensiveness score. As a second phase, from the detected offensive content a Logistic Regression-based multi-label model is used to assess toxicity levels. Trained on a dataset of Twitter messages labeled for offensive and non-offensive content, the system effectively identifies and classifies harmful language. With high accuracy and computational efficiency, this solution enhances content moderation efforts and promotes a safer online environment.","","979-8-3315-4437-9","10.1109/ACCTHPA65749.2025.11168549","","https://ieeexplore.ieee.org/stamp/stamp.jsp?arnumber=11168549","Hate Speech Detection;Machine Learning;Deep Learning;Natural Language Processing (NLP);Multilingual Data;BERT;Convolutional Neural Networks (CNNs);Support Vector Machines (SVM);Text Preprocessing;Offensive Language Detection;Hybrid Models","Support vector machines;Analytical models;Toxicology;Social networking (online);Computational modeling;Static VAr compensators;Oral communication;Chatbots;Safety;Web sites","","","","10","IEEE","24 Sep 2025","18-19 July 2025","18-19 July 2025","IEEE","IEEE Conferences"
"Dynamic forward prediction for prosthetic hand control by integration of EMG, MMG and kinematic signals","M. Xiloyannis; C. Gavriel; A. A. C. Thomik; A. A. Faisal","Dept. of Bioengineering, Brain & Behaviour Lab, London, UK; Dept. of Computing, Brain & Behaviour Lab, London, UK; Dept. of Bioengineering, Brain & Behaviour Lab, London, UK; MRC Clinical Sciences Centre, London, UK",2015 7th International IEEE/EMBS Conference on Neural Engineering (NER),"2 Jul 2015","2015","","","611","614","We propose a new framework for extracting information from extrinsic muscles in the forearm that will allow a continuous, natural and intuitive control of a neuroprosthetic devices and robotic hands. This is achieved through a continuous mapping between muscle activity and joint angles rather than prior discretisation of hand gestures. We instructed 6 able-bodied subjects, to perform everyday object manipulation tasks. We recorded the Electromyographic (EMG) and Mechanomyographic (MMG) activities of 5 extrinsic muscles of the hand in their forearm, while simultaneously monitoring 11 joints of hand and fingers using a sensorised glove. We used these signals to train a Gaussian Process (GP) and a Vector AutoRegressive Moving Average model with Exogenous inputs (VARMAX) to learn the mapping from current muscle activity and current joint state to predict future hand configurations. We investigated the performances of both models across tasks, subjects and different joints for varying time-lags, finding that both models have good generalisation properties and high correlation even for time-lags in the order of hundreds of milliseconds. Our results suggest that regression is a very appealing tool for natural, intuitive and continuous control of robotic devices, with particular focus on prosthetic replacements where high dexterity is required for complex movements.","1948-3554","978-1-4673-6389-1","10.1109/NER.2015.7146697","","https://ieeexplore.ieee.org/stamp/stamp.jsp?arnumber=7146697","","Electromyography;Joints;Mathematical model;Muscles;Predictive models;Prosthetics;Robots","","10","","20","IEEE","2 Jul 2015","22-24 April 2015","22-24 April 2015","IEEE","IEEE Conferences"
"Sarcasm Detection followed by Sentiment Analysis for Bengali Language: Neural Network & Supervised Approach","M. Pal; R. Prasad","Deptartment of Technology (DOT), SPPU, Pune, India; Department of Computer Science and Engineering, MIT Art, Design and Technology University, Pune, India",2023 International Conference on Advances in Intelligent Computing and Applications (AICAPS),"27 Mar 2023","2023","","","1","7","As www data grows, so do opinions, views, visitors, news, and comments. Using opinions, perspectives, and remarks, Natural Language Processing (NLP) professionals may classify emotions. Classifying and evaluating Bengali text emotions is becoming significant in e-commerce, journalism, movies, OTT, and security applications. The lack of Bengali corpus makes developing a Sentiment Analysis system difficult. Sarcasm is another popular social media trend. Positive words are often used to indicate hatred. Thus, it’s hard to tell what these sentences mean. This study presents a method for identifying and analysing sarcasm. GloVe is used to represent words while LSTM is trained and tested on the represented characteristics. Experiments show 91.94% accuracy. Predicted sarcastic sentences are labelled as negative and added to Sentiment Analysis corpora (SA). Logistic Regression (LR), K-Nearest Neighbor (K-NN), Linear Support Vector Machine (SVM), and Random Forest (RF) are used to feature matrices for sentiment analysis. For Unigram, Bi-gram, and Tri-gram models, Linear SVM has the highest precision (92.5%), whereas LR model approaches greater accuracy (72.04%) and F1-score (68.15%).","","979-8-3503-3381-7","10.1109/AICAPS57044.2023.10074510","","https://ieeexplore.ieee.org/stamp/stamp.jsp?arnumber=10074510","Machine Learning;Sentiment Analysis;Sarcasm Detection;Natural Language Processing;Long short-term memory","Support vector machines;Radio frequency;Sentiment analysis;Social networking (online);Computational modeling;Neural networks;Motion pictures","","7","","55","IEEE","27 Mar 2023","1-3 Feb. 2023","1-3 Feb. 2023","IEEE","IEEE Conferences"
"An Occupational Risk Analysis of Garbage Collection Tasks in the Philippines","M. J. J. Gumasing; Z. B. Sasot","School of Industrial Engineering and Engineering Management, Mapua University, Intramuros, Manila; School of Industrial Engineering and Engineering Management, Mapua University, Intramuros, Manila",2019 IEEE 6th International Conference on Industrial Engineering and Applications (ICIEA),"16 May 2019","2019","","","408","413","Waste management entails proper handling of material waste in accordance with the local environmental regulatory framework from collection, transportation, dumping and recycling along with other waste product monitoring and regulation measures. Because waste collection and disposal involves various processes, the tasks of garbage collectors are faced with numerous occupational risks. Several studies and researches have been developed regarding the potential risk of improper disposal of waste to the environment and to the general public, however, the occupational risks associated with the garbage collection tasks received little attention. Thus, this study aims to identify and assess the occupational risks associated with the tasks of garbage collectors in the Philippines in order to develop a mitigation plan that would minimize the occupational risks associated with this field of work. A multimethod qualitative and quantitative research design were applied in this study. The qualitative design helped in identifying and investigating the occupational injuries and work-musculoskeletal disorders (WMSD) experienced by garbage collectors using survey questionnaire and Cornell Musculoskeletal Disorder Questionnaire (CMDQ). Key findings from the study revealed that workers were often exposed to injuries such as light wound and cut, insect bites, eye irritation, sprain and rashes. This is because garbage collectors in the country have inadequate and improper personal protective equipment when performing their tasks like lack of gloves, facemasks, goggles, safety shoes and coveralls. Similarly, workers also complained of over fatigue and pain in their lower back, shoulder, hips, thigh and other WMSD due to heavy manual handling tasks in garbage collection activities. Using ergonomic tools such as Rapid Entire Body Assessment (REBA) and NIOSH Lifting Equation, the researchers were able to identify and categorized three risk factors associated with garbage collection tasks such as (1) health factor, (2) environmental factor and (3) task related factor. These factors were further treated analyzed using quantitative research design method such as correlation and regression analysis. The result of statistical analysis revealed that factors such as worker's age, BMI, exposure to noise, illumination, heat index, task duration, task frequency, time of day and weather condition significantly affect the risks of workers in developing occupational injuries and work musculoskeletal disorders. Given these conditions, the researchers were able to come up with a risk mitigation plan based from the predictive model developed from regression analysis in order to minimize the occupational risks of garbage collectors in the Philippines.","","978-1-7281-0851-3","10.1109/IEA.2019.8715109","","https://ieeexplore.ieee.org/stamp/stamp.jsp?arnumber=8715109","garbage collection;occupational risk;occupational injury;musculoskeletal disorder","Task analysis;Injuries;Waste management;Musculoskeletal system;Industries;Accidents;Wrist","","6","","33","IEEE","16 May 2019","12-15 April 2019","12-15 April 2019","IEEE","IEEE Conferences"
"Viral Signals: Mining Social Media for Pandemic Warnings","D. Chhabra; S. Chhabra; N. Batra","CEA GLA University, Mathura, India; ILSR GLA University, Mathura, India; CSE, MMEC Maharishi Markandeshwer (deemed to be University, Ambala, India",2025 7th International Conference on Information Systems and Computer Networks (ISCON),"23 Jan 2026","2025","","","1","6","Early detection of pandemic outbreaks is crucial for timely response, containment, and healthcare resource planning. Traditional epidemiological systems, while reliable, are limited by delays in clinical testing, laboratory confirmation, and bureaucratic reporting. These limitations were evident during the COVID-19 crisis, where many outbreaks were detected only after substantial community transmission. This paper presents a novel, data-driven framework for early outbreak detection using social media platforms-specifically X and Reddit through advanced Natural Language Processing (NLP), data mining, and machine learning (ML) techniques. Model follows a five stage pipeline involving data acquisition, preprocessing, feature extraction, model training, and evaluation. The study utilizes two large-scale datasets from X and Reddit, covering the period from March to August 2023. Four ML models Logistic Regression, Support Vector Machine (SVM), Random Forest, and BERT-are implemented and compared. Features include TF-IDF vectors, sentiment polarity, named entities, and contextual embeddings. The results demonstrate that the BERT based classifier achieves the highest accuracy (92.6 %) and identifies outbreak signals up to 6-8 days before official health agency reports. Detailed mathematical modeling, temporal validation, and comparative analysis confirm the robustness of the approach. This work contributes to the development of scalable, real-time digital surveillance systems capable of augmenting traditional epidemiological infrastructure and improving global pandemic preparedness.","","979-8-3315-9744-3","10.1109/ISCON65210.2025.11341076","","https://ieeexplore.ieee.org/stamp/stamp.jsp?arnumber=11341076","Early Detection;Pandemic Surveillance;Social Media Analytics;NLP;Machine Learning;BERT;X;Data Mining","Support vector machines;Accuracy;Social networking (online);Pandemics;Surveillance;Pipelines;Natural language processing;Robustness;Data models;Data mining","","","","16","IEEE","23 Jan 2026","5-6 Sept. 2025","5-6 Sept. 2025","IEEE","IEEE Conferences"
"AIGC Image Quality Assessment via Image-Prompt Correspondence","F. Peng; H. Fu; A. Ming; C. Wang; H. Ma; S. He; Z. Dou; S. Chen","Beijing University of Posts and Telecommunications, China; Beijing University of Posts and Telecommunications, China; Beijing University of Posts and Telecommunications, China; Beijing University of Posts and Telecommunications, China; Beijing University of Posts and Telecommunications, China; Beijing University of Posts and Telecommunications, China; Beijing Xiaomi Mobile Software Co., Ltd.; Beijing Xiaomi Mobile Software Co., Ltd.",2024 IEEE/CVF Conference on Computer Vision and Pattern Recognition Workshops (CVPRW),"27 Sep 2024","2024","","","6432","6441","In the rapidly evolving landscape of deep learning, generative models such as Generative Adversarial Networks (GANs) and diffusion models have significantly advanced the capabilities of Artificial Intelligence Generated Content (AIGC). These technologies have streamlined the creative process, enabling AI to autonomously produce a diverse range of content with minimal human input. Despite the remarkable progress in AI-generated images (AIGIs), evaluating the quality of AIGIs remains a complex challenge. Traditional image quality assessment (IQA), focusing on aspects like distortion and blurriness, are insufficient for capturing the correspondence between AIGIs and their prompts. To address this, we propose a novel AIGC image quality assessment (AIGCIQA) framework that emphasizes the correspondence between images and prompts. Utilizing the CLIP model’s pre-trained image and text encoders, our method effectively measures the correspondence between visual and textual inputs. By transforming the assessment into classification probabilities and subsequently into a precise regression task, our method enhances the CLIP model’s performance in AIGCIQA. Our method’s effectiveness is confirmed by its first place in the image track of the NTIRE 2024 Quality Assessment for AI-Generated Content challenge and its state-of-the-art (SOTA) performance on benchmark datasets AGIQA-1K, AGIQA-3K, and AIG-CIQA2023. This research represents a significant advancement in the field, offering an efficient and versatile tool for the evaluation of AIGIs and contributing to the ongoing development of AIGC technologies. Our codes are available at https://github.com/pf0607/IPCE.","2160-7516","979-8-3503-6547-4","10.1109/CVPRW63382.2024.00644","Beijing Nova Program; ","https://ieeexplore.ieee.org/stamp/stamp.jsp?arnumber=10677925","","Image quality;Visualization;Refining;Focusing;Benchmark testing;Streaming media;Generative adversarial networks","","20","","64","IEEE","27 Sep 2024","17-18 June 2024","17-18 June 2024","IEEE","IEEE Conferences"
"Phishing Attack Prediction using Several Machine Learning Techniques","A. Krishnaveni; S. Balamurugan","Department of Computer Science Karpagam Academy of Higher Education Coimbatore, Coimbatore; Department of Computer Science Karpagam Academy of Higher Education, Coimbatore",2024 4th International Conference on Sustainable Expert Systems (ICSES),"3 Dec 2024","2024","","","484","489","With significant improvements in social media, banking, web technologies, smart grids, cloud, and online mobile environments, etc., cyber security is a rapidly evolving area that require close consideration. Cyber-attacks involve an organization using cyberspace to destroy, disrupt, disable, or maliciously control an IT infrastructure or compromise data confidentiality, integrity or steal organized information. The state of cyberspace bodes well for the future fragility of the Internet and the growth of its customers. Many attacks such as DoS attack, phishing attack has been identified from the review paper. Various machine learning techniques have been effectively used to solve such serious problems in the field of cyber security. Machine learning techniques are used in many scientific fields due to their unique properties such as scalability, ability, adaptability to predict security problems and quickly adapt to new and unknown problems. Deep learning methods, ensemble learning, Behavioral analysis, Natural Language Processing (NLP), Hybrid approaches and metaheuristic algorithms are used to solve the challenges like adaptability to evolving phishing tactics, data scarcity and class imbalance. This article predicts phishing attack using machine learning such as Support Vector Classifier, Logistic Regression and Random Forest Algorithm to achieve higher accuracy. The presented hybrid method will help network users to verify genuine websites, reducing the threat of phishing websites and ensuring a safe Internet experience.","","979-8-3315-4036-4","10.1109/ICSES63445.2024.10763142","","https://ieeexplore.ieee.org/stamp/stamp.jsp?arnumber=10763142","Cyber Security;Machine Learning;Phishing attack;Random Forest Algorithm;Support Vector Classifier","Training;Adaptation models;Machine learning algorithms;Accuracy;Phishing;Cyberspace;Machine learning;Vectors;Natural language processing;Classification algorithms","","7","","24","IEEE","3 Dec 2024","15-17 Oct. 2024","15-17 Oct. 2024","IEEE","IEEE Conferences"
"Interpretable Contextual Word Prediction Utilizing Tsetlin Machine","Y. Abdelwahab; O. -C. Granmo; L. Jiao","Dept. of ICT, University of Agder, Grimstad, Norway; Dept. of ICT, University of Agder, Grimstad, Norway; Dept. of ICT, University of Agder, Grimstad, Norway",2025 International Symposium on the Tsetlin Machine (ISTM),"29 Dec 2025","2025","","","72","79","Language models have been a prominent topic of discussion in recent years. With their high demand and competition, key challenges have emerged, particularly in ensuring transparency and interpretability in natural language processing (NLP). While many high-performing models operate as ""black boxes,"" understanding their internal decision-making processes is crucial for trusted and reliable application. The proposed methodology integrates a multi-stage approach, presenting an initial advancement toward developing an interpretable model for contextual word prediction, aiming to balance requirement for both predictive accuracy and model explainability. Later, the predicted words are employed as a vocabulary set, which is then evaluated and utilized as features within the reasoning by elimination(RbE). These features are derived from both included literals and excluded literals in states 125 to 127. within the TM architecture. Empirical evaluations across multiple datasets demonstrate the effectiveness of our method. The model achieves 90%, 84%, and 88% accuracy on the IMDB, R52, and R8 datasets, respectively—within 2% to 4% of BERT and GPT-2. Additionally, our approach performs comparably to FastText, Linear SVM, Logistic Regression (LR), XGBoost, and Naive Bayes (NB) on CR, MPQA, and Yahoo Answers. Finally, the results present the potential of our interpretable TM-based framework to bridge the gap between predictive performance and model transparency in NLP tasks.","","979-8-3315-6922-8","10.1109/ISTM67926.2025.00019","","https://ieeexplore.ieee.org/stamp/stamp.jsp?arnumber=11300433","Natural Language Processing;Tsetlin Machine;Interpretable AI;Contextual N grams","Vocabulary;Accuracy;Decision making;Text categorization;Noise;Predictive models;Natural language processing;Windows;Reliability;Context modeling","","","","29","IEEE","29 Dec 2025","8-10 Oct. 2025","8-10 Oct. 2025","IEEE","IEEE Conferences"
"AI Driven Smart Tourism Platform for Personalized Safe and Sustainable Travel Planning","S. Srikanthan; C. Senevirathne; T. Rasarathnam; T. Jayalath; K. Rajendran","Department of Software Engineering, Sri Lanka Institute of Information Technology, Malabe, Sri Lanka; Department of Software Engineering, Sri Lanka Institute of Information Technology, Malabe, Sri Lanka; Department of Software Engineering, Sri Lanka Institute of Information Technology, Malabe, Sri Lanka; Department of Software Engineering, Sri Lanka Institute of Information Technology, Malabe, Sri Lanka; Department of Software Engineering, Sri Lanka Institute of Information Technology, Malabe, Sri Lanka",2025 10th International Conference on Information Technology Research (ICITR),"29 Jan 2026","2025","","","1","6","Tourism planning remains challenging due to the need for group preference alignment, personalized itinerary generation, and real-time budget control, challenges that are not adequately supported by existing platforms. This paper presents an AI-driven modular framework that integrates three components: a semantic-aware group recommender that uses Sentence-BERT embeddings with a learning-to-rank model to match travelers; a hybrid itinerary planner that fuses content-based filtering, collaborative filtering, and machine-learning-based rating prediction to generate preference-aligned and geographically coherent travel plans and a predictive budgeting system that applies regression-based forecasting with live API data to provide dynamic cost estimation. The platform is developed specifically for the Sri Lankan tourism context, incorporating regional travel behavior patterns and destination characteristics into its models. Experiments indicate strong performance across all modules, including high-quality group matching, accurate itinerary prediction, and a substantial improvement in budget estimation accuracy compared with static baselines. Early user testing further highlights increased satisfaction with itinerary relevance and budget transparency. Overall, the framework demonstrates a scalable and adaptive approach to smart tourism planning, advancing personalization, collaboration, and sustainable travel support.","2831-3399","979-8-3315-5092-9","10.1109/ICITR69413.2025.11353664","","https://ieeexplore.ieee.org/stamp/stamp.jsp?arnumber=11353664","Smart Tourism;Group Recommendation;Hybrid Itinerary;Predictive Budgeting;Machine Learning;Travel Personalization","Adaptation models;Accuracy;Collaboration;Estimation;Predictive models;Real-time systems;Hybrid power systems;Planning;Forecasting;Testing","","","","19","IEEE","29 Jan 2026","8-11 Dec. 2025","8-11 Dec. 2025","IEEE","IEEE Conferences"
"Exploiting a Joint Embedding Space for Generalized Zero-Shot Semantic Segmentation","D. Baek; Y. Oh; B. Ham","School of Electrical and Electronic Engineering, Yonsei University; School of Electrical and Electronic Engineering, Yonsei University; School of Electrical and Electronic Engineering, Yonsei University",2021 IEEE/CVF International Conference on Computer Vision (ICCV),"28 Feb 2022","2021","","","9516","9525","We address the problem of generalized zero-shot semantic segmentation (GZS3) predicting pixel-wise semantic labels for seen and unseen classes. Most GZS3 methods adopt a generative approach that synthesizes visual features of unseen classes from corresponding semantic ones (e.g., word2vec) to train novel classifiers for both seen and unseen classes. Although generative methods show decent performance, they have two limitations: (1) the visual features are biased towards seen classes; (2) the classifier should be retrained whenever novel unseen classes appear. We propose a discriminative approach to address these limitations in a unified framework. To this end, we leverage visual and semantic encoders to learn a joint embedding space, where the semantic encoder transforms semantic features to semantic prototypes that act as centers for visual features of corresponding classes. Specifically, we introduce boundary-aware regression (BAR) and semantic consistency (SC) losses to learn discriminative features. Our approach to exploiting the joint embedding space, together with BAR and SC terms, alleviates the seen bias problem. At test time, we avoid the retraining process by exploiting semantic prototypes as a nearest-neighbor (NN) classifier. To further alleviate the bias problem, we also propose an inference technique, dubbed Apollonius calibration (AC), that modulates the decision boundary of the NN classifier to the Apollonius circle adaptively. Experimental results demonstrate the effectiveness of our framework, achieving a new state of the art on standard benchmarks.","2380-7504","978-1-6654-2812-5","10.1109/ICCV48922.2021.00940","National Research Foundation of Korea; Yonsei University; ","https://ieeexplore.ieee.org/stamp/stamp.jsp?arnumber=9711040","Transfer/Low-shot/Semi/Unsupervised Learning;Scene analysis and understanding;Segmentation;grouping and shape","Visualization;Computer vision;Semantics;Prototypes;Transforms;Benchmark testing;Calibration","","59","","57","IEEE","28 Feb 2022","10-17 Oct. 2021","10-17 Oct. 2021","IEEE","IEEE Conferences"
"Deepqoe: A Unified Framework for Learning to Predict Video QoE","H. Zhang; H. Hu; G. Gao; Y. Wen; K. Guan","Nanyang Technological University, Singapore; Nanyang Technological University, Singapore; Nanyang Technological University, Singapore; Nanyang Technological University, Singapore; Nokia Bell Labs, Holmdel, NJ, USA",2018 IEEE International Conference on Multimedia and Expo (ICME),"11 Oct 2018","2018","","","1","6","Motivated by the prowess of deep learning (DL) based techniques in prediction, generalization, and representation learning, we develop a novel framework called DeepQoE to predict video quality of experience (QoE). The end-to-end framework first uses a combination of DL techniques (e.g., word embeddings) to extract generalized features. Next, these features are combined and fed into a neural network for representation learning. Such representations serve as inputs for classification or regression tasks. Evaluating the performance of DeepQoE with two datasets, we show that for the small dataset, the accuracy of all shallow learning algorithms is improved by using the representation derived from DeepQoE. For the large dataset, our DeepQoE framework achieves significant performance improvement in comparison to the best baseline method (90.94% vs. 82.84%). Moreover, DeepQoE, also released as an open source tool, provides video QoE research much-needed flexibility in fitting different datasets, extracting generalized features, and learning representations.","1945-788X","978-1-5386-1737-3","10.1109/ICME.2018.8486523","","https://ieeexplore.ieee.org/stamp/stamp.jsp?arnumber=8486523","QoE;Prediction;Deep Learning;Representation;Framework","Quality of experience;Feature extraction;Machine learning;Task analysis;Training;Streaming media;Data mining","","23","","22","IEEE","11 Oct 2018","23-27 July 2018","23-27 July 2018","IEEE","IEEE Conferences"
"Deep fraud. A fraud intention recognition framework in public transport context using a deep-learning approach","J. L. L. Herrera; H. V. R. Figueroa; E. J. R. Ramírez","Universidad Veracruzana, Xalapa, Veracruz, MX; Universidad Veracruzana, Xalapa, Veracruz, MX; Universidad Veracruzana, Xalapa, Veracruz, MX","2018 International Conference on Electronics, Communications and Computers (CONIELECOMP)","29 Mar 2018","2018","","","118","125","In this paper, we present a framework for fraud intention recognition of public transport bus operators based on a deep learning approach using a stack of denoising and sparse autoencoders. Bus operator's fraud is a common problem in passenger transport organizations with cash payment method and tickets as proof of passenger on board. Fraud detection could be considered as an anomaly detection problem, and several techniques in this area have been applied to it. Our approach is an architecture based on a sort of Stacked Autoencoders with a Softmax Classification Layer and a normalization pre-phase using word2vec and a Denoising Autoencoder. This framework permits to recognize the fraud intention in the operators delivers account time, based on date, route, count of passengers on board, among other features. In this framework, the fraud intention is modeled as a binary classification problem, there is fraud intention, or there isn't. We compare our approach with another nondeep state of the art classification approaches like Logistic Regression, SVM, Decision Trees, KNN and Adaboost ensemble method, obtaining a superior performance on intention recognition, with an accuracy of 87.3 percent and an F1 score of 0.752.","2474-9044","978-1-5386-2363-3","10.1109/CONIELECOMP.2018.8327186","","https://ieeexplore.ieee.org/stamp/stamp.jsp?arnumber=8327186","fraud detection;public transport;deep learning;stacked autoencoders;sparse autoencoder;denoising autoencoder","Machine learning;Training;Neurons;Biological neural networks;Noise reduction;Organizations","","6","","25","IEEE","29 Mar 2018","21-23 Feb. 2018","21-23 Feb. 2018","IEEE","IEEE Conferences"
"Single-Frame Indexing for 3D Hand Pose Estimation","C. Carley; C. Tomasi","Duke University, Durham, NC, USA; Duke University, Durham, NC, USA",2015 IEEE International Conference on Computer Vision Workshop (ICCVW),"15 Feb 2016","2015","","","493","501","Hand pose estimation from 3D sensor data matches a point cloud to a hand model, and has broad applications from gestural interfaces to scene understanding. We propose a novel scheme to index into a database of precomputed hand poses to initialize the match. Our index describes 2D hand silhouettes, which can be computed from either depth maps or standard video, in the form of simple yet expressive signatures. We compare signatures to each other through a new variant of the Earth Mover's Distance that makes small distances in feature space correlate highly with those in pose space. We present a new technique that uses a depth sensor and a sensor glove to create databases of real images and ground-truth poses for both training and testing. We show state-of-the-art accuracy and speed for both gesture classification and joint-pose regression, even when comparing our 2D single-frame method with those that employ RGB-D features or multi-sensor inputs and report quantitative results.","","978-1-4673-9711-7","10.1109/ICCVW.2015.71","","https://ieeexplore.ieee.org/stamp/stamp.jsp?arnumber=7406420","","Three-dimensional displays;Wrist;Indexes;Tracking;Joints;Kinematics","","3","","23","IEEE","15 Feb 2016","7-13 Dec. 2015","7-13 Dec. 2015","IEEE","IEEE Conferences"
"q-SNE: Visualizing Data using q-Gaussian Distributed Stochastic Neighbor Embedding","M. Abe; J. Miyao; T. Kurita","School of Engineering, Hiroshima University, Higashi-hiroshima, Japan; Department of Information Engineering, Hiroshima University, Higashi-hiroshima, Japan; Department of Information Engineering, Hiroshima University, Higashi-hiroshima, Japan",2020 25th International Conference on Pattern Recognition (ICPR),"5 May 2021","2021","","","1051","1058","The dimensionality reduction has been widely introduced to use the high-dimensional data for regression, classification, feature analysis, and visualization. As the one technique of dimensionality reduction, a stochastic neighbor embedding (SNE) was introduced. The SNE leads powerful results to visualize high-dimensional data by considering the similarity between the local Gaussian distributions of high and low-dimensional space. To improve the SNE, a t-distributed stochastic neighbor embedding (t-SNE) was also introduced. To visualize high-dimensional data, the t-SNE leads to more powerful and flexible visualization on 2 or 3-dimensional mapping than the SNE by using a t-distribution as the distribution of low-dimensional data. Recently, Uniform manifold approximation and projection (UMAP) is proposed as a dimensionality reduction technique. We present a novel technique called a q-Gaussian distributed stochastic neighbor embedding (q-SNE). The q-SNE leads to more powerful and flexible visualization on 2 or 3-dimensional mapping than the t-SNE and the SNE by using a q-Gaussian distribution as the distribution of low-dimensional data. The q-Gaussian distribution includes the Gaussian distribution and the t-distribution as the special cases with q=1.0 and q=2.0. Therefore, the q-SNE can also express the t-SNE and the SNE by changing the parameter q, and this makes it possible to find the best visualization by choosing the parameter q. We show the performance of q-SNE as visualization on 2-dimensional mapping and classification by k-Nearest Neighbors (k-NN) classifier in embedded space compared with SNE, t-SNE, and UMAP by using the datasets MNIST, COIL-20, OlivettiFaces, FashionMNIST, and Glove.","1051-4651","978-1-7281-8808-9","10.1109/ICPR48806.2021.9412900","","https://ieeexplore.ieee.org/stamp/stamp.jsp?arnumber=9412900","","Dimensionality reduction;Manifolds;Data visualization;Distributed databases;Gaussian distribution;Pattern recognition","","2","","21","IEEE","5 May 2021","10-15 Jan. 2021","10-15 Jan. 2021","IEEE","IEEE Conferences"
"Embedded Spherical Topic Models for Supervised Learning","H. Ennajari; N. Bouguila; J. Bentahar","Concordia Institute for Information Systems Engineering (CIISE), Concordia University, Montreal, QC, Canada; Concordia Institute for Information Systems Engineering (CIISE), Concordia University, Montreal, QC, Canada; Concordia Institute for Information Systems Engineering (CIISE), Concordia University, Montreal, QC, Canada",2022 26th International Conference on Pattern Recognition (ICPR),"29 Nov 2022","2022","","","1650","1656","Probabilistic topic models are powerful techniques for analyzing and understanding large collections of text documents to learn meaningful patterns of words. Their supervised extensions also capture topics conditioned on the response metadata associated with each document such as user rating. However, inferring such information from data often comes at the detriment of topics quality, leading to uninterpreted and meaningless topics. In this paper, we propose a novel Supervised-Embedded Spherical Topic Model (S-ESTM) that balances two goals: interpretable and coherent topics explaining the data and accurate prediction of the associated response values. Our model combines word embeddings and knowledge graph embeddings to effectively encode the semantic information of text and the related background knowledge to guide the inference of supervised topics. In S-ESTM, document constituents are drawn as points on spherical manifolds along with topics using the von Mises-Fisher distribution. Efficient variational inference methods for posterior approximation and latent parameter estimation are derived and various empirical studies on real-world datasets are also provided. Our experiments demonstrate that our model can discover discriminative and coherent topical patterns associated with regression tasks, while achieving improved prediction quality.","2831-7475","978-1-6654-9062-7","10.1109/ICPR56361.2022.9956503","","https://ieeexplore.ieee.org/stamp/stamp.jsp?arnumber=9956503","","Manifolds;Adaptation models;Parameter estimation;Supervised learning;Semantics;Predictive models;Metadata","","2","","23","IEEE","29 Nov 2022","21-25 Aug. 2022","21-25 Aug. 2022","IEEE","IEEE Conferences"
"SEMAX: Multi-Task Learning for Improving Recommendations","J. -D. Zhang; C. -Y. Chow","Department of Computer Science, City University of Hong Kong, Hong Kong; Department of Computer Science, City University of Hong Kong, Hong Kong",IEEE Access,"6 Jan 2019","2019","7","","2305","2314","Personalization plays an essential role in recommender systems, in which the key task is to predict personalized ratings of users on new items. Recently, a lot of work investigates deep learning-based collaborative filtering techniques to increase the accuracy of rating prediction. However, most exiting works focus on the recommendation task itself. Actually, the multi-task learning exploits an inductive transfer mechanism to enhance the generalization performance of the main task by using the domain information contained in other related tasks. Multi-task learning has shown effectiveness in various real-world problems, including regression and machine translation. To this end, this study proposes a new framework, called SEMAX that extends our previous model SEMA via multi-task learning for improving recommendations, in which the recommendation task gets the domain information from the other task. Specifically, in the recommendation task, SEMAX learns semantic meanings from texts and temporal dynamics from text sequences for both users and items based on our developed hierarchical and symmetrical recurrent neural networks (RNNs) with the long short-term memory. Furthermore, SEMAX exploits the related task that predicts the rating of a text written by a user for an item to reinforce the recommendation task that predicts the rating of the user on the item, because the text can be an important predictor of the rating given by the user to the item. Moreover, SEMAX predicts the rating of a text based on an attention mechanism to choose user-item-specific words so as to generalize the performance of learned word embeddings, user and item representations. Finally, we conduct a comprehensive evaluation for SEMAX using two large-scale real-world review datasets collected from Amazon and Yelp. The experimental results show that the SEMAX achieves significantly superior performance compared to other state-of-the-art recommendation techniques.","2169-3536","","10.1109/ACCESS.2018.2886256","National Natural Science Foundation of China(grant numbers:61772445); Innovation and Technology Fund(grant numbers:UIM/334 (9440187)); City University of Hong Kong(grant numbers:7004684,9678132,9680221); ","https://ieeexplore.ieee.org/stamp/stamp.jsp?arnumber=8572690","Rating prediction;semantic meanings;temporal dynamics;multi-task learning;attention","Task analysis;Semantics;Recurrent neural networks;Recommender systems;Feature extraction;Training","","2","","40","OAPA","11 Dec 2018","2019","","IEEE","IEEE Journals"
"Systematic Review on on-Air Hand Doodle System for the Purpose of Authentication","S. D; C. V; S. Adiga; S. G; P. M","Dept. of Computer Science and Engg, Dayananda Sagar College of Engg, Bangalore, India; Dept. of Computer Science and Engg, Dayananda Sagar College of Engg, Bangalore, India; Dept. of Computer Science and Engg, Dayananda Sagar College of Engg, Bangalore, India; Dept. of Computer Science and Engg, Dayananda Sagar College of Engg, Bangalore, India; Dept. of Computer Science and Engg, Dayananda Sagar College of Engg, Bangalore, India",2023 Third International Conference on Artificial Intelligence and Smart Energy (ICAIS),"27 Mar 2023","2023","","","1460","1467","Air-drawing for authentication or gesture recognition is vastly studied such that new methods for the character drawn can be identified with better accuracy and be independent of any hardware components such as gloves to detect the fingertip movement or any wearable sensor or using any external pen. This article surveys how air-writing is done. Some of them include using fingertips as a pen and having the trained CNN model against it using the techniques DNST and Bi-LSTM for the regression and hand gesture identification and classification. This system had an overall accuracy of 88 percentage. Another system solves the air-writing issue by using deep learning architecture, by executing it on 3D space where the next evolution is numerical digits structured into multiple dimensions time-series extracted from a sensor called LMC. In another system, wi-write recognizes hand writing mainly to overcome blurred vision and neurological diseases in people, this will use COTS WiFi but is a device-free handwriting recognition system. In many other systems deep learning models are used and those parameters can be used to achieve higher recognition rate for example 98 percentage above.","","978-1-6654-6216-7","10.1109/ICAIS56108.2023.10073858","","https://ieeexplore.ieee.org/stamp/stamp.jsp?arnumber=10073858","CNN (Convolution Neural Network);Kalman Filter;hand gesture recognition;Doodle;deep learning;Air writing;wearable sensors;DNST (Differentiable Spatial to Numerical Transform);Bi-LSTM (Bidirectional Long Short-Term Memory);LMC (Leap motion Controller);DTW (Dynamic Time Warping);RNN (Recurrent Neural Network);TA-RNNs (Time-Aligned Recurrent Neural Network)","Handwriting recognition;Recurrent neural networks;Three-dimensional displays;Authentication;Gesture recognition;Writing;Hardware","","","","33","IEEE","27 Mar 2023","2-4 Feb. 2023","2-4 Feb. 2023","IEEE","IEEE Conferences"
"Harnessing NLP and AI for Reliable News Verification in the Digital Era","S. K. Maakar; S. Vishal Singh; A. Zia","Department of Computer Science and Engineering, Galgotias University, Greater Noida, India; Department of Computer Science and Engineering, Galgotias University, Greater Noida, India; Department of Computer Science and Engineering, Galgotias University, Greater Noida, India",2025 International Conference on Pervasive Computational Technologies (ICPCT),"1 Apr 2025","2025","","","111","115","The uncontrolled spread of fake information in this digital age poses a significant threat to public perception, political balance, and social unity. This paper presents a robust system for the discovery of fake news by means of advanced machine learning techniques and fuzzy logic. This system integrates natural language processing with machine learning models for the classification of news content as genuine or false, thereby attempting to limit the spread of misinformation. An overall labeled dataset is formed by data collection from multiple reputable news sources and fake news repositories. The text data is cleaned and tokenized and preprocessed with removal of stop words and stemming. Critical patterns are extracted from the articles by TF-IDF and word embeddings. Machine learning models, such as Logistic Regression, SVM, Random Forest, and Neural Networks, are trained and evaluated using various metrics including accuracy, precision, recall, and F1-score. Cross-validation ensures reliability. This research formulates a real-time user-friendly tool for news authenticity classification, limiting the spread of misinformation, and encouraging verified content sharing. This system, because of the introduction of fuzzy inference, is better suited to linguistics nuances. Thus, the system can prove to be very effective in terms of fake news.","","979-8-3315-0868-5","10.1109/ICPCT64145.2025.10939116","","https://ieeexplore.ieee.org/stamp/stamp.jsp?arnumber=10939116","Fuzzy Logic;Fuzzy Inference;Machine Learning;Naive Bayes Classifier;News;Prediction;Recommendation;Support Vector Machine (SVM)","Fuzzy logic;Support vector machines;Measurement;Neural networks;Natural language processing;Real-time systems;Naive Bayes methods;Reliability;Fake news;Random forests","","","","13","IEEE","1 Apr 2025","8-9 Feb. 2025","8-9 Feb. 2025","IEEE","IEEE Conferences"
